{
  "runtimes\\alpine-x64\\native\\libe_sqlite3.so": "39C244FEDBCD3DFC37041D4FCE1AE21D",
  "runtimes\\linux-arm\\native\\libe_sqlite3.so": "96CF54BC0EFB83D6E3F5F3E04997A59D",
  "runtimes\\linux-arm64\\native\\libe_sqlite3.so": "F079E55E7F3F9966A4A2052A3234E068",
  "runtimes\\linux-armel\\native\\libe_sqlite3.so": "C5A67D49434FC65D64E9C15778078C76",
  "runtimes\\linux-mips64\\native\\libe_sqlite3.so": "5F8461214089CFC677D46C19B7162161",
  "runtimes\\linux-musl-x64\\native\\libe_sqlite3.so": "39C244FEDBCD3DFC37041D4FCE1AE21D",
  "runtimes\\linux-x64\\native\\libe_sqlite3.so": "6F49C540D3AB9964D67A4A704C3D262D",
  "runtimes\\linux-x86\\native\\libe_sqlite3.so": "5E0659B414CBD6DDC38C65582485853E",
  "runtimes\\osx-x64\\native\\libe_sqlite3.dylib": "F82AE134FCD1C080A69D775591406673",
  "runtimes\\win-arm\\native\\e_sqlite3.dll": "FBB305C445AB83E83BF60BDBA8534173",
  "runtimes\\win-arm64\\native\\e_sqlite3.dll": "DCF65CBB917C3F5F036B37F47479C35B",
  "runtimes\\win-x64\\native\\e_sqlite3.dll": "B429904F765F9EC975A15E8AB8CEB569",
  "runtimes\\win-x64\\native\\minhook.x64d.dll": "54C9C9AF7BD808BB7CCEF4F003051F5A",
  "runtimes\\win-x86\\native\\e_sqlite3.dll": "E02613D1A6211EB1BFC8D15431ACBD68",
  "targets\\Dalamud.Plugin.Bootstrap.targets": "C85635161398CD9852CF7212DB7EB904",
  "targets\\Dalamud.Plugin.targets": "394EE2BEC70254F76ABBE2C33F62BBFA",
  "BCnEncoder.dll": "46406287B240637BA1B3AB0DFD2A0F3C",
  "BitFaster.Caching.dll": "A8FE0554AF400EFD41762159DD915155",
  "CheapLoc.dll": "1CCFBC7543D29B003090F0D98C41ABE7",
  "cimgui.dll": "F3F4F3447D7BB7D97658F4DF54CED6F3",
  "cimguizmo.dll": "1C2D15EBB30B3944BD8B72F97CA57830",
  "cimplot.dll": "EB14F8D13C39B5A44014C4CAA06C4355",
  "commit_hash.txt": "FDE712A54C9E2A04B7022EBA57E422C3",
  "CommunityToolkit.HighPerformance.dll": "66B64EC334625F2C5D341A45E28EEB43",
  "Dalamud.Bindings.ImGui.dll": "51E41D832ED47F9331D45911C8389EE6",
  "Dalamud.Bindings.ImGuizmo.dll": "74E82C46425D7B61176AFF9243F2D0E2",
  "Dalamud.Bindings.ImPlot.dll": "9AAF087D533850A1A771D3DEE95EC92B",
  "Dalamud.Boot.dll": "F2E7FB39DBF90D45AD1FA8E86B609359",
  "Dalamud.Common.dll": "2BDF795F347210CA22217D9D4ED9068A",
  "Dalamud.deps.json": "B7164A30960B31E10B804A80A3100BB7",
  "Dalamud.dll": "5ECBF44694EFD568094378E6C838C371",
  "Dalamud.Injector.deps.json": "C21972522E8133995B2C9562B3E39983",
  "Dalamud.Injector.dll": "916F64DE4039192CA2792F5BF116D024",
  "Dalamud.Injector.exe": "F2571E9D2C63F3E62D85A6D3AA0B6A7C",
  "Dalamud.Injector.runtimeconfig.json": "439C534917CEF268A731631073E50FE4",
  "Dalamud.Injector.xml": "6730B8BB13078B71889B5A56C5DFAC6D",
  "Dalamud.runtimeconfig.json": "CA3935E9C6B9E3300F2D7171E4AF6335",
  "Dalamud.xml": "9C41D3283CB189084B927DFAC3612BEC",
  "DalamudCrashHandler.exe": "767E399263D753800E571FBDC3F1C20E",
  "FASM-LICENSE.TXT": "ECEA1D10811221D5F0A3E96F9C38E2C7",
  "FASM.DLL": "793AB4CD7A8D490412747DCD2BED25EC",
  "FASMX64.DLL": "818EF3928DB004EF6FC84FC6CDD48A97",
  "FFXIVClientStructs.dll": "B4C4F1C5EAF2723739150A98CA2D5980",
  "FFXIVClientStructs.xml": "546F3EF977B682C96CE03FA7CFA657D6",
  "goatcorp.Reloaded.Assembler.targets": "CC22CB0A353E2136EE9E6E96DB9F7164",
  "HexaGen.Runtime.dll": "C2695B8E5E1FD0C1B599A5F8A119962A",
  "Iced.dll": "83224DF19D221DC0D4B0C8125D7C978F",
  "ImGuiScene.dll": "A630A114F79F0951CD7C20D013538702",
  "InteropGenerator.Runtime.dll": "BEFB50167161769030579BAD55A3F677",
  "JetBrains.Annotations.dll": "8429437B071BB895CADD971763C429FB",
  "licenses.txt": "A159BE62AA91178EFC3E3983AE874D1D",
  "Lumina.dll": "0E0FB15DEBD5348DE6ED8BD152F09989",
  "Lumina.Excel.dll": "3B69DC092B310D0807CB78B171A78B36",
  "Lumina.Excel.xml": "0089FDC0BA0B16ED0696413305959999",
  "Microsoft.Extensions.ObjectPool.dll": "5510583E2B50BE953814615586673C33",
  "MinSharp.dll": "C5A02648B291B3574EBC3ACE6CFD9BB5",
  "Mono.Cecil.dll": "C4B802B9B66DC5B2B3F251C8822DA712",
  "Mono.Cecil.Mdb.dll": "54016AFEC9A4541DE4EA7FDC4536BEE6",
  "Mono.Cecil.Pdb.dll": "F100E5CF51EF9837AF10B793F3ED8703",
  "Mono.Cecil.Rocks.dll": "519AFF3818E8871E428F403B9F1BF63D",
  "nethost.dll": "21F39F71E2F4B5BA9FB3F126872F2F9B",
  "Newtonsoft.Json.dll": "ADF3E3EECDE20B7C9661E9C47106A14A",
  "PeNet.Asn1.dll": "13277F0BF9D56C0615296AA3C4792B2C",
  "PeNet.dll": "44B99BADBB59494BCE3B6A4B95377DA8",
  "Reloaded.Assembler.dll": "5633847A22719EF556BE86947489B14D",
  "Reloaded.Hooks.Definitions.dll": "4A8EC4E27ADEE20C2C0A59B12BD638A0",
  "Reloaded.Hooks.dll": "BDCFAAC036BAC6DC9A2BCF55CA210D14",
  "Reloaded.Memory.Buffers.dll": "06615E0074E2979FB33858B680F3E511",
  "Reloaded.Memory.dll": "47C30956321030A214C34E7CF8FCB352",
  "revision.txt": "4C4C937B67CC8D785CEA1E42CCEA185C",
  "Serilog.dll": "A8CFC3ABD62DAA399BC0F074A524C79F",
  "Serilog.Sinks.Async.dll": "47AD053C8BCB69774C9C09E8B52FE780",
  "Serilog.Sinks.Console.dll": "3A5FF30999E1DDB36C1AF375661BB5E6",
  "Serilog.Sinks.File.dll": "5C857C5926B0E7FCE94FA5301759E49D",
  "SharpDX.Direct3D11.dll": "D2C094FEF2DF16D0FE0E538F4179FDA1",
  "SharpDX.dll": "6C00B8BE8FB6FF838C79C9DE405DB1F5",
  "SharpDX.DXGI.dll": "FACCD233E453D81A69C5081971031ED9",
  "SharpDX.Mathematics.dll": "627AA0022B8549C41DC65777CEC20F30",
  "SQLite-net.dll": "E9B6CAF8D7A3351D36BF3C16FCCD5BB6",
  "SQLitePCLRaw.batteries_v2.dll": "5472974544D9B966D92C20E6BB35E748",
  "SQLitePCLRaw.core.dll": "0A36ED8E992EB5EBFF31D42F92EB95D5",
  "SQLitePCLRaw.nativelibrary.dll": "BE69666DDB60726F84CAF1F65F0BA908",
  "SQLitePCLRaw.provider.dynamic_cdecl.dll": "0AC6718A06B661EE8D5D41F84C4AA9BA",
  "System.Reactive.dll": "EF5A00287AD15393D41B12AA4B726FF7",
  "System.Reflection.MetadataLoadContext.dll": "E88E3AF6D37736F339022C9ACC5F2F7B",
  "System.Security.Cryptography.Pkcs.dll": "8950E01996A37E808BE3F39063C37BF9",
  "TEMP_gitver.txt": "20175BA98B630068DF37305E5801027C",
  "TerraFX.Interop.Windows.dll": "84F7EF6B0DE91F8CC23F773D3FD6DEC0"
}
